"","MelPin.Pt.ID","Sample.name","Sample.group","Gender","BRAF...0...WT..1...V600E.","age","Note","Recurrence_status","ResponseType","ResponseTypeInt","MPRvNMPR","timepoint","sample_id","study","recurrence_status"
"1",53836,"FD45571446","Week 6_pNR","Female",0,49,"",1,"pNR",4,"0","Week 6","FD45571446","Neopele",1
"2",54735,"FD45571447","Week 6_pCR","Male",1,27,"",0,"pCR",1,"1","Week 6","FD45571447","Neopele",0
"3",54503,"FD45571448","Week 6_pCR","Female",0,71,"",0,"pCR",1,"1","Week 6","FD45571448","Neopele",0
"4",55030,"FD45571449","Week 6_pCR","Male",0,78,"",0,"pCR",1,"1","Week 6","FD45571449","Neopele",0
"5",55096,"FD45571450","Week 6_npCR","Female",1,73,"",0,"npCR",2,"1","Week 6","FD45571450","Neopele",0
"6",55319,"FD45571451","Week 6_pCR","Male",0,57,"",0,"pCR",1,"1","Week 6","FD45571451","Neopele",0
"7",55408,"FD45571452","Week 6_pPR","Male",0,61,"",0,"pPR",3,"0","Week 6","FD45571452","Neopele",0
"8",55454,"FD45571453","Week 6_pCR","Male",0,48,"",0,"pCR",1,"1","Week 6","FD45571453","Neopele",0
"9",55518,"FD45571454","Week 6_pNR","Male",0,78,"",1,"pNR",4,"0","Week 6","FD45571454","Neopele",1
"10",55552,"FD45571455","Week 6_pCR","Female",0,68,"",0,"pCR",1,"1","Week 6","FD45571455","Neopele",0
"11",54335,"FD45571456","Week 6_pCR","Female",0,75,"",1,"pCR",1,"1","Week 6","FD45571456","Neopele",1
"12",54503,"FD45571457","PRE_pCR","Female",0,71,"",0,"pCR",1,"1","Baseline","FD45571457","Neopele",0
"13",52554,"FD45571458","PRE_pPR","Male",1,46,"",0,"pPR",3,"0","Baseline","FD45571458","Neopele",0
"14",55552,"FD45571459","PRE_pCR","Female",0,68,"",0,"pCR",1,"1","Baseline","FD45571459","Neopele",0
"15",55518,"FD45571460","PRE_pNR","Male",0,78,"",1,"pNR",4,"0","Baseline","FD45571460","Neopele",1
"16",55319,"FD45571461","PRE_pCR","Male",0,57,"",0,"pCR",1,"1","Baseline","FD45571461","Neopele",0
"17",54335,"FD45571462","PRE_pCR","Female",0,75,"",1,"pCR",1,"1","Baseline","FD45571462","Neopele",1
"18",54746,"FD45571463","PRE_pPR","Male",0,73,"",1,"pPR",3,"0","Baseline","FD45571463","Neopele",1
"19",47876,"FD45571464","PRE_npCR","Female",0,72,"",0,"npCR",2,"1","Baseline","FD45571464","Neopele",0
"20",54222,"FD45571465","PRE_pNR","Male",0,78,"",1,"pNR",4,"0","Baseline","FD45571465","Neopele",1
"23",52557,"FD45571468","PRE_pNR","Male",0,66,"",0,"pNR",4,"0","Baseline","FD45571468","Neopele",0
"24",53836,"FD45571469","PRE_pNR","Female",0,49,"",1,"pNR",4,"0","Baseline","FD45571469","Neopele",1
"25",54917,"FD45571470","PRE_pPR","Male",0,72,"",0,"pPR",3,"0","Baseline","FD45571470","Neopele",0
"26",54735,"FD45571471","PRE_pCR","Male",1,27,"",0,"pCR",1,"1","Baseline","FD45571471","Neopele",0
"27",55030,"FD45571472","PRE_pCR","Male",0,78,"",0,"pCR",1,"1","Baseline","FD45571472","Neopele",0
"28",50042,"FD45571473","Week 6_pNR","Male",0,68,"",1,"pNR",4,"0","Week 6","FD45571473","Neopele",1
"29",52554,"FD45571474","Week 6_pPR","Male",1,46,"",0,"pPR",3,"0","Week 6","FD45571474","Neopele",0
"30",54405,"FD45571475","Week 6_npCR","Male",0,52,"",0,"npCR",2,"1","Week 6","FD45571475","Neopele",0
"31",47876,"FD45571476","Week 6_npCR","Female",0,72,"",0,"npCR",2,"1","Week 6","FD45571476","Neopele",0
"32",54917,"FD45571477","Week 6_pPR","Male",0,72,"",0,"pPR",3,"0","Week 6","FD45571477","Neopele",0
"33",52557,"FD45571478","Week 6_pNR","Male",0,66,"",0,"pNR",4,"0","Week 6","FD45571478","Neopele",0
"34",54222,"FD45571479","Week 6_pNR","Male",0,78,"",1,"pNR",4,"0","Week 6","FD45571479","Neopele",1
